{
    "name": "root",
    "gauges": {
        "SkillIntro.Policy.Entropy.mean": {
            "value": 0.9319313764572144,
            "min": 0.7609444856643677,
            "max": 1.2173428535461426,
            "count": 67
        },
        "SkillIntro.Policy.Entropy.sum": {
            "value": 4676.431640625,
            "min": 3816.13671875,
            "max": 6109.84375,
            "count": 67
        },
        "SkillIntro.Step.mean": {
            "value": 334967.0,
            "min": 4957.0,
            "max": 334967.0,
            "count": 67
        },
        "SkillIntro.Step.sum": {
            "value": 334967.0,
            "min": 4957.0,
            "max": 334967.0,
            "count": 67
        },
        "SkillIntro.Policy.ExtrinsicValueEstimate.mean": {
            "value": -2.9070730209350586,
            "min": -6.097866535186768,
            "max": -0.7088825702667236,
            "count": 67
        },
        "SkillIntro.Policy.ExtrinsicValueEstimate.sum": {
            "value": -244.1941375732422,
            "min": -506.1229248046875,
            "max": -58.12836837768555,
            "count": 67
        },
        "SkillIntro.Environment.EpisodeLength.mean": {
            "value": 761.5714285714286,
            "min": 518.7777777777778,
            "max": 899.1666666666666,
            "count": 67
        },
        "SkillIntro.Environment.EpisodeLength.sum": {
            "value": 5331.0,
            "min": 4183.0,
            "max": 5760.0,
            "count": 67
        },
        "SkillIntro.Environment.CumulativeReward.mean": {
            "value": -30.01774955008711,
            "min": -71.8932399849097,
            "max": 7.040547713637352,
            "count": 67
        },
        "SkillIntro.Environment.CumulativeReward.sum": {
            "value": -210.12424685060978,
            "min": -431.35943990945816,
            "max": 49.283833995461464,
            "count": 67
        },
        "SkillIntro.Policy.ExtrinsicReward.mean": {
            "value": -30.01774955008711,
            "min": -71.8932399849097,
            "max": 7.040547713637352,
            "count": 67
        },
        "SkillIntro.Policy.ExtrinsicReward.sum": {
            "value": -210.12424685060978,
            "min": -431.35943990945816,
            "max": 49.283833995461464,
            "count": 67
        },
        "SkillIntro.IsTraining.mean": {
            "value": 1.0,
            "min": 1.0,
            "max": 1.0,
            "count": 67
        },
        "SkillIntro.IsTraining.sum": {
            "value": 1.0,
            "min": 1.0,
            "max": 1.0,
            "count": 67
        },
        "SkillIntro.Losses.PolicyLoss.mean": {
            "value": 0.02284979692970713,
            "min": 0.015921172918751836,
            "max": 0.03182481570790211,
            "count": 32
        },
        "SkillIntro.Losses.PolicyLoss.sum": {
            "value": 0.02284979692970713,
            "min": 0.015921172918751836,
            "max": 0.03182481570790211,
            "count": 32
        },
        "SkillIntro.Losses.ValueLoss.mean": {
            "value": 1.3291572471459707,
            "min": 0.44185945093631745,
            "max": 2.8382531801859536,
            "count": 32
        },
        "SkillIntro.Losses.ValueLoss.sum": {
            "value": 1.3291572471459707,
            "min": 0.44185945093631745,
            "max": 2.8382531801859536,
            "count": 32
        },
        "SkillIntro.Policy.LearningRate.mean": {
            "value": 0.00028026474657842,
            "min": 0.00028026474657842,
            "max": 0.00029938182020606,
            "count": 32
        },
        "SkillIntro.Policy.LearningRate.sum": {
            "value": 0.00028026474657842,
            "min": 0.00028026474657842,
            "max": 0.00029938182020606,
            "count": 32
        },
        "SkillIntro.Policy.Epsilon.mean": {
            "value": 0.19342157999999998,
            "min": 0.19342157999999998,
            "max": 0.19979394000000006,
            "count": 32
        },
        "SkillIntro.Policy.Epsilon.sum": {
            "value": 0.19342157999999998,
            "min": 0.19342157999999998,
            "max": 0.19979394000000006,
            "count": 32
        },
        "SkillIntro.Policy.Beta.mean": {
            "value": 0.004671736842000002,
            "min": 0.004671736842000002,
            "max": 0.004989717606000001,
            "count": 32
        },
        "SkillIntro.Policy.Beta.sum": {
            "value": 0.004671736842000002,
            "min": 0.004671736842000002,
            "max": 0.004989717606000001,
            "count": 32
        }
    },
    "metadata": {
        "timer_format_version": "0.1.0",
        "start_time_seconds": "1777296525",
        "python_version": "3.10.12 | packaged by Anaconda, Inc. | (main, Jul  5 2023, 19:01:18) [MSC v.1916 64 bit (AMD64)]",
        "command_line_arguments": "C:\\Users\\paek6\\miniconda3\\envs\\mlagents\\Scripts\\mlagents-learn SkillIntro_config.yaml --initialize-from=SkillIntro_Move3 --run-id=SkillIntro --force",
        "mlagents_version": "1.2.0.dev0",
        "mlagents_envs_version": "1.2.0.dev0",
        "communication_protocol_version": "1.5.0",
        "pytorch_version": "2.2.2+cu121",
        "numpy_version": "1.23.5",
        "end_time_seconds": "1777299720"
    },
    "total": 3195.3555896999897,
    "count": 1,
    "self": 0.004325200046878308,
    "children": {
        "run_training.setup": {
            "total": 0.10459999996237457,
            "count": 1,
            "self": 0.10459999996237457
        },
        "TrainerController.start_learning": {
            "total": 3195.2466644999804,
            "count": 1,
            "self": 4.311289890261833,
            "children": {
                "TrainerController._reset_env": {
                    "total": 7.2166888999636285,
                    "count": 1,
                    "self": 7.2166888999636285
                },
                "TrainerController.advance": {
                    "total": 3183.586617609777,
                    "count": 338313,
                    "self": 3.8311264882795513,
                    "children": {
                        "env_step": {
                            "total": 3111.9623824988375,
                            "count": 338313,
                            "self": 1672.2048398795887,
                            "children": {
                                "SubprocessEnvManager._take_step": {
                                    "total": 1436.8570574118057,
                                    "count": 338313,
                                    "self": 13.278755095787346,
                                    "children": {
                                        "TorchPolicy.evaluate": {
                                            "total": 1423.5783023160184,
                                            "count": 337911,
                                            "self": 1423.5783023160184
                                        }
                                    }
                                },
                                "workers": {
                                    "total": 2.9004852074431255,
                                    "count": 338312,
                                    "self": 0.0,
                                    "children": {
                                        "worker_root": {
                                            "total": 3121.8735002042376,
                                            "count": 338312,
                                            "is_parallel": true,
                                            "self": 1728.1950573865906,
                                            "children": {
                                                "steps_from_proto": {
                                                    "total": 0.002689199987798929,