{
    "name": "root",
    "gauges": {
        "SkillIntro.Policy.Entropy.mean": {
            "value": 0.9959694743156433,
            "min": 0.8950827121734619,
            "max": 0.9959694743156433,
            "count": 2
        },
        "SkillIntro.Policy.Entropy.sum": {
            "value": 4960.923828125,
            "min": 3769.193359375,
            "max": 4960.923828125,
            "count": 2
        },
        "SkillIntro.Step.mean": {
            "value": 3729949.0,
            "min": 3724968.0,
            "max": 3729949.0,
            "count": 2
        },
        "SkillIntro.Step.sum": {
            "value": 3729949.0,
            "min": 3724968.0,
            "max": 3729949.0,
            "count": 2
        },
        "SkillIntro.Policy.ExtrinsicValueEstimate.mean": {
            "value": -1.1581227779388428,
            "min": -3.8048830032348633,
            "max": -1.1581227779388428,
            "count": 2
        },
        "SkillIntro.Policy.ExtrinsicValueEstimate.sum": {
            "value": -94.96607208251953,
            "min": -262.53692626953125,
            "max": -94.96607208251953,
            "count": 2
        },
        "SkillIntro.Environment.EpisodeLength.mean": {
            "value": 605.625,
            "min": 582.2857142857143,
            "max": 605.625,
            "count": 2
        },
        "SkillIntro.Environment.EpisodeLength.sum": {
            "value": 4845.0,
            "min": 4076.0,
            "max": 4845.0,
            "count": 2
        },
        "SkillIntro.Environment.CumulativeReward.mean": {
            "value": -1.8868307545781136,
            "min": -16.563833703952177,
            "max": -1.8868307545781136,
            "count": 2
        },
        "SkillIntro.Environment.CumulativeReward.sum": {
            "value": -15.094646036624908,
            "min": -115.94683592766523,
            "max": -15.094646036624908,
            "count": 2
        },
        "SkillIntro.Policy.ExtrinsicReward.mean": {
            "value": -1.8868307545781136,
            "min": -16.563833703952177,
            "max": -1.8868307545781136,
            "count": 2
        },
        "SkillIntro.Policy.ExtrinsicReward.sum": {
            "value": -15.094646036624908,
            "min": -115.94683592766523,
            "max": -15.094646036624908,
            "count": 2
        },
        "SkillIntro.IsTraining.mean": {
            "value": 1.0,
            "min": 1.0,
            "max": 1.0,
            "count": 2
        },
        "SkillIntro.IsTraining.sum": {
            "value": 1.0,
            "min": 1.0,
            "max": 1.0,
            "count": 2
        }
    },
    "metadata": {
        "timer_format_version": "0.1.0",
        "start_time_seconds": "1777284208",
        "python_version": "3.10.12 | packaged by Anaconda, Inc. | (main, Jul  5 2023, 19:01:18) [MSC v.1916 64 bit (AMD64)]",
        "command_line_arguments": "C:\\Users\\paek6\\miniconda3\\envs\\mlagents\\Scripts\\mlagents-learn SkillIntro_Move_config.yaml --run-id=SkillIntro_Move3 --resume",
        "mlagents_version": "1.2.0.dev0",
        "mlagents_envs_version": "1.2.0.dev0",
        "communication_protocol_version": "1.5.0",
        "pytorch_version": "2.2.2+cu121",
        "numpy_version": "1.23.5",
        "end_time_seconds": "1777284377"
    },
    "total": 168.8544018000248,
    "count": 1,
    "self": 0.006096299970522523,
    "children": {
        "run_training.setup": {
            "total": 0.0681285000173375,
            "count": 1,
            "self": 0.0681285000173375
        },
        "TrainerController.start_learning": {
            "total": 168.78017700003693,
            "count": 1,
            "self": 0.13200829917332157,
            "children": {
                "TrainerController._reset_env": {
                    "total": 6.478238899959251,
                    "count": 1,
                    "self": 6.478238899959251
                },
                "TrainerController.advance": {
                    "total": 162.05238340090727,
                    "count": 9258,
                    "self": 0.11223880964098498,
                    "children": {
                        "env_step": {
                            "total": 160.94912049535196,
                            "count": 9258,
                            "self": 112.07621359726181,
                            "children": {
                                "SubprocessEnvManager._take_step": {
                                    "total": 48.78616569924634,
                                    "count": 9258,
                                    "self": 0.4132856995565817,
                                    "children": {
                                        "TorchPolicy.evaluate": {
                                            "total": 48.37287999968976,
                                            "count": 9247,
                                            "self": 48.37287999968976
                                        }
                                    }
                                },
                                "workers": {
                                    "total": 0.08674119884381071,
                                    "count": 9257,
                                    "self": 0.0,
                                    "children": {
                                        "worker_root": {
                                            "total": 101.08258420426864,
                                            "count": 9257,
                                            "is_parallel": true,
                                            "self": 57.314394003362395,
                                            "children": {
                                                "steps_from_proto": {
                                                    "total": 0.00026790000265464187,
                                                    "count": 1,
                                                    "is_parallel": true,
                                                    "self": 0.00012240000069141388,
                                                    "children": {
                                                        "_process_rank_one_or_two_observation": {
                                                            "total": 0.000145500001963228,
                                                            "count": 2,
                                                            "is_parallel": true,
                                                            "self": 0.000145500001963228
                                                        }
                                                    }
                                                },
                                                "UnityEnvironment.step": {
                                                    "total": 43.76792230090359,
                                                    "count": 9257,
                                                    "is_parallel": true,
                                                    "self": 0.519778402755037,
                                                    "children": {
                                                        "UnityEnvironment._generate_step_input": {
                                                            "total": 0.49607039452530444,
                                                            "count": 9257,
                                                            "is_parallel": true,
                                                            "self": 0.49607039452530444
                                                        },
                                                        "communicator.exchange": {
                                                            "total": 41.08527169813169,
                                                            "count": 9257,