{"count":1,"self":1589.8328064,"total":3408.6510137,"children":{"InitializeActuators":{"count":1,"self":0.0011149999999999999,"total":0.0011149999999999999,"children":null},"InitializeSensors":{"count":1,"self":0.0010153999999999999,"total":0.0010153999999999999,"children":null},"AgentSendState":{"count":1088918,"self":1.5655208999999999,"total":11.8903245,"children":{"CollectObservations":{"count":217784,"self":5.2497115999999995,"total":5.2497117,"children":null},"WriteActionMask":{"count":217784,"self":0.584043,"total":0.584043,"children":null},"RequestDecision":{"count":217784,"self":0.97238569999999991,"total":4.4910489,"children":{"AgentInfo.ToProto":{"count":217784,"self":1.056368,"total":3.5186631999999998,"children":{"GenerateSensorData":{"count":217784,"self":2.4622952,"total":2.4622952,"children":null}}}}}}},"DecideAction":{"count":1088918,"self":1793.6846848,"total":1793.6845865999999,"children":null},"AgentAct":{"count":1088918,"self":13.227937599999999,"total":13.241147,"children":{"AgentInfo.ToProto":{"count":301,"self":0.0035039999999999997,"total":0.0132096,"children":{"GenerateSensorData":{"count":301,"self":0.0097056,"total":0.0097056,"children":null}}}}}},"gauges":{"SkillIntro.CumulativeReward":{"count":301,"max":47.7974625,"min":-193.785782,"runningAverage":-29.0703888,"value":-32.490715,"weightedAverage":-28.8910484}},"metadata":{"timer_format_version":"0.1.0","start_time_seconds":"1777177957","unity_version":"6000.3.11f1","command_line_arguments":"C:\\Program Files\\Unity Hub\\Editor\\6000.3.11f1\\Editor\\Unity.exe -projectpath C:\\Users\\paek6\\Downloads\\Buildup\\Buildup -acceptSoftwareTermsForThisRunOnly -useHub -hubIPC -cloudEnvironment production","communication_protocol_version":"1.5.0","com.unity.ml-agents_version":"4.0.2","scene_name":"Chapter1","end_time_seconds":"1777181366"}}